quality_PREDICTION,DEPLOYMENT_APPROVAL_STATUS,wine_id
6.2146047619,APPROVED,100
6.5579769841,APPROVED,101
5.6517484127,APPROVED,102
6.4505222222,APPROVED,103
5.8184150794,APPROVED,104
5.6443966089,APPROVED,105
6.5156111111,APPROVED,106
4.8477015873,APPROVED,107
4.6883087302,APPROVED,108
5.345681746,APPROVED,109
